PC	Variance	Percent	Cumulative
PC1	0.140261979184257	14.0261979184257	14.0261979184257
PC2	0.101761110530034	10.1761110530034	24.2023089714291
PC3	0.0508591649434823	5.08591649434823	29.2882254657773
PC4	0.0433961433446932	4.33961433446932	33.6278398002466
PC5	0.0325301291307608	3.25301291307608	36.8808527133227
PC6	0.027751042595794	2.7751042595794	39.6559569729021
PC7	0.0206972007252088	2.06972007252088	41.725677045423
PC8	0.0171680688783162	1.71680688783162	43.4424839332546
PC9	0.0126746894222983	1.26746894222983	44.7099528754844
PC10	0.0108836081952447	1.08836081952447	45.7983136950089
PC11	0.0106690769752583	1.06690769752583	46.8652213925347
PC12	0.00957401769301707	0.957401769301707	47.8226231618364
PC13	0.00860731414985872	0.860731414985872	48.6833545768223
PC14	0.00714888823242275	0.714888823242275	49.3982434000646
PC15	0.00683587821897301	0.683587821897301	50.0818312219619
PC16	0.00643919913807139	0.643919913807139	50.725751135769
PC17	0.00630550033037199	0.630550033037199	51.3563011688062
PC18	0.00591136071333851	0.591136071333851	51.9474372401401
PC19	0.00553743575905309	0.553743575905309	52.5011808160454
PC20	0.00522064002017514	0.522064002017514	53.0232448180629
PC21	0.00498279963345364	0.498279963345364	53.5215247814083
PC22	0.00466220747581231	0.466220747581231	53.9877455289895
PC23	0.00455331205629467	0.455331205629467	54.4430767346189
PC24	0.00446597790549203	0.446597790549203	54.8896745251682
PC25	0.0042579754213135	0.42579754213135	55.3154720672995
PC26	0.00411574310967751	0.411574310967751	55.7270463782673
PC27	0.00391679579972216	0.391679579972216	56.1187259582395
PC28	0.00383935967544071	0.383935967544071	56.5026619257835
PC29	0.00368205347040451	0.368205347040451	56.870867272824
PC30	0.0036443550336401	0.36443550336401	57.235302776188
PC31	0.00352209494377299	0.352209494377299	57.5875122705653
PC32	0.00338346843460347	0.338346843460347	57.9258591140257
PC33	0.00335303180840511	0.335303180840511	58.2611622948662
PC34	0.00323080515584503	0.323080515584503	58.5842428104507
PC35	0.00311248348554516	0.311248348554516	58.8954911590052
PC36	0.00310032773481279	0.310032773481279	59.2055239324865
PC37	0.00301135061434521	0.301135061434521	59.506658993921
PC38	0.00296633888691386	0.296633888691386	59.8032928826124
PC39	0.00283383790742626	0.283383790742626	60.086676673355
PC40	0.00275284190952493	0.275284190952493	60.3619608643075
PC41	0.00271765005353534	0.271765005353534	60.633725869661
PC42	0.0026447110039084	0.26447110039084	60.8981969700519
PC43	0.00259480326070345	0.259480326070345	61.1576772961222
PC44	0.00256188997553702	0.256188997553702	61.4138662936759
PC45	0.00247602618023918	0.247602618023918	61.6614689116998
PC46	0.0024303419668454	0.24303419668454	61.9045031083844
PC47	0.00240134975873979	0.240134975873979	62.1446380842583
PC48	0.00234057441878482	0.234057441878482	62.3786955261368
PC49	0.00230059704955252	0.230059704955252	62.6087552310921
PC50	0.00225393529033803	0.225393529033803	62.8341487601259
PC51	0.00222926819394033	0.222926819394033	63.0570755795199
PC52	0.00217770737241812	0.217770737241812	63.2748463167617
PC53	0.00209213341015026	0.209213341015026	63.4840596577767
PC54	0.00207421583048702	0.207421583048702	63.6914812408254
PC55	0.00203649763476455	0.203649763476455	63.8951310043019
PC56	0.00199078150842438	0.199078150842438	64.0942091551443
PC57	0.00197483356964126	0.197483356964126	64.2916925121085
PC58	0.00196189110135683	0.196189110135683	64.4878816222442
PC59	0.00191296639258558	0.191296639258558	64.6791782615027
PC60	0.00185908836618186	0.185908836618186	64.8650870981209
PC61	0.00181798315156589	0.181798315156589	65.0468854132775
PC62	0.00179098786024827	0.179098786024827	65.2259841993023
PC63	0.00178439007016735	0.178439007016735	65.404423206319
PC64	0.00174979989834416	0.174979989834416	65.5794031961535
PC65	0.00174481803165865	0.174481803165865	65.7538849993193
PC66	0.00171879653784914	0.171879653784914	65.9257646531042
PC67	0.00166977861486212	0.166977861486212	66.0927425145905
PC68	0.00165859927198446	0.165859927198446	66.2586024417889
PC69	0.001637102885885	0.1637102885885	66.4223127303774
PC70	0.00160371319875732	0.160371319875732	66.5826840502531
PC71	0.00156068240703896	0.156068240703896	66.738752290957
PC72	0.00155035948640037	0.155035948640037	66.8937882395971
PC73	0.00154484685718996	0.154484685718996	67.0482729253161
PC74	0.00153076485210324	0.153076485210324	67.2013494105264
PC75	0.00149929597252841	0.149929597252841	67.3512790077792
PC76	0.00148227327212716	0.148227327212716	67.499506334992
PC77	0.00147547442884739	0.147547442884739	67.6470537778767
PC78	0.00145604743099333	0.145604743099333	67.792658520976
PC79	0.00144724691244618	0.144724691244618	67.9373832122206
PC80	0.0014365373144747	0.14365373144747	68.0810369436681
PC81	0.0014164872436358	0.14164872436358	68.2226856680317
PC82	0.0013866329608782	0.13866329608782	68.3613489641195
PC83	0.00136905069317755	0.136905069317755	68.4982540334373
PC84	0.00135778252813538	0.135778252813538	68.6340322862508
PC85	0.00133323416049417	0.133323416049417	68.7673557023002
PC86	0.00132092394028615	0.132092394028615	68.8994480963288
PC87	0.00131997022706412	0.131997022706412	69.0314451190352
PC88	0.00130863904394462	0.130863904394462	69.1623090234297
PC89	0.00128381304581574	0.128381304581574	69.2906903280113
PC90	0.00127360894389455	0.127360894389455	69.4180512224007
PC91	0.00126178245984065	0.126178245984065	69.5442294683848
PC92	0.00125103802074142	0.125103802074142	69.6693332704589
PC93	0.00122995655869865	0.122995655869865	69.7923289263288
PC94	0.00122691743226576	0.122691743226576	69.9150206695554
PC95	0.00121886710661817	0.121886710661817	70.0369073802172
PC96	0.00121200839046136	0.121200839046136	70.1581082192633
PC97	0.00120515212431681	0.120515212431681	70.278623431695
PC98	0.00117630592550533	0.117630592550533	70.3962540242455
PC99	0.00116936041500841	0.116936041500841	70.5131900657464
PC100	0.00115286869111858	0.115286869111858	70.6284769348583
PC101	0.00114186892413587	0.114186892413587	70.7426638272719
PC102	0.00113748038553735	0.113748038553735	70.8564118658256
PC103	0.00112645552823849	0.112645552823849	70.9690574186494
PC104	0.00110834791830889	0.110834791830889	71.0798922104803
PC105	0.00110417093930787	0.110417093930787	71.1903093044111
PC106	0.00108431506386226	0.108431506386226	71.2987408107973
PC107	0.00108041800995129	0.108041800995129	71.4067826117924
PC108	0.00107270986712658	0.107270986712658	71.5140535985051
PC109	0.0010644195427587	0.10644195427587	71.620495552781
PC110	0.00105239840989618	0.105239840989618	71.7257353937706
PC111	0.00104310464225606	0.104310464225606	71.8300458579962
PC112	0.00103687456894194	0.103687456894194	71.9337333148904
PC113	0.00102845783986544	0.102845783986544	72.036579098877
PC114	0.00102785668896353	0.102785668896353	72.1393647677733
PC115	0.00101261765302251	0.101261765302251	72.2406265330756
PC116	0.00100545313384535	0.100545313384535	72.3411718464601
PC117	0.000994885314850621	0.0994885314850621	72.4406603779451
PC118	0.000985596938991155	0.0985596938991155	72.5392200718443
PC119	0.000981528172313778	0.0981528172313778	72.6373728890756
PC120	0.000975684604648965	0.0975684604648965	72.7349413495405
PC121	0.000971375094866329	0.0971375094866329	72.8320788590272
PC122	0.000964125268708698	0.0964125268708698	72.928491385898
PC123	0.000957195098978309	0.0957195098978309	73.0242108957959
PC124	0.000952139988656229	0.0952139988656229	73.1194248946615
PC125	0.000944298853316239	0.0944298853316239	73.2138547799931
PC126	0.000931543933153546	0.0931543933153546	73.3070091733085
PC127	0.000924615548047859	0.0924615548047859	73.3994707281133
PC128	0.000921489739293654	0.0921489739293654	73.4916197020426
PC129	0.000915671834080312	0.0915671834080312	73.5831868854507
PC130	0.000913891082426393	0.0913891082426393	73.6745759936933
PC131	0.000903514142031666	0.0903514142031666	73.7649274078965
PC132	0.000899606194223693	0.0899606194223693	73.8548880273188
PC133	0.00089786157286577	0.089786157286577	73.9446741846054
PC134	0.000890562763700629	0.0890562763700629	74.0337304609755
PC135	0.000886782006425218	0.0886782006425218	74.122408661618
PC136	0.000875100876574601	0.0875100876574601	74.2099187492755
PC137	0.000872442304314313	0.0872442304314313	74.2971629797069
PC138	0.000864069276443423	0.0864069276443423	74.3835699073512
PC139	0.000858459258335729	0.085845925833573	74.4694158331848
PC140	0.000855407428033966	0.0855407428033966	74.5549565759882
PC141	0.000854605238304333	0.0854605238304333	74.6404170998186
PC142	0.000845390408033905	0.0845390408033905	74.724956140622
PC143	0.000842375780796356	0.0842375780796356	74.8091937187016
PC144	0.000838750451751897	0.0838750451751897	74.8930687638768
PC145	0.000828924895265522	0.0828924895265522	74.9759612534034
PC146	0.000825369755935684	0.0825369755935684	75.058498228997
PC147	0.00082288396837092	0.082288396837092	75.1407866258341
PC148	0.00082043944648497	0.082043944648497	75.2228305704826
PC149	0.000809365652665091	0.0809365652665091	75.3037671357491
PC150	0.000807695426082023	0.0807695426082023	75.3845366783573
PC151	0.000803751021730499	0.0803751021730499	75.4649117805303
PC152	0.000799164831677279	0.0799164831677279	75.544828263698
PC153	0.00079664928895161	0.079664928895161	75.6244931925932
PC154	0.000793809053078585	0.0793809053078585	75.7038740979011
PC155	0.000790286689855217	0.0790286689855217	75.7829027668866
PC156	0.000785761167440289	0.0785761167440289	75.8614788836306
PC157	0.000780841775224063	0.0780841775224063	75.939563061153
PC158	0.000780381798352619	0.0780381798352619	76.0176012409883
PC159	0.000773254318060022	0.0773254318060022	76.0949266727943
PC160	0.000769059744894378	0.0769059744894378	76.1718326472837
PC161	0.000762577572381393	0.0762577572381393	76.2480904045219
PC162	0.000756853347117969	0.0756853347117969	76.3237757392336
PC163	0.000750888857448468	0.0750888857448468	76.3988646249785
PC164	0.000748219492860978	0.0748219492860978	76.4736865742646
PC165	0.000743785336183542	0.0743785336183542	76.548065107883
PC166	0.00074191657384075	0.074191657384075	76.622256765267
PC167	0.000736939488718353	0.0736939488718353	76.6959507141389
PC168	0.000727902788270566	0.0727902788270566	76.7687409929659
PC169	0.00072581671234866	0.072581671234866	76.8413226642008
PC170	0.000724847455857817	0.0724847455857817	76.9138074097866
PC171	0.000720860548108851	0.0720860548108851	76.9858934645975
PC172	0.000715146448916869	0.0715146448916869	77.0574081094891
PC173	0.000711353757995801	0.0711353757995801	77.1285434852887
PC174	0.000703873835097624	0.0703873835097624	77.1989308687985
PC175	0.000702658456404888	0.0702658456404888	77.269196714439
PC176	0.000699897391910895	0.0699897391910895	77.3391864536301
PC177	0.00069887165162093	0.069887165162093	77.4090736187922
PC178	0.000693910741620939	0.0693910741620939	77.4784646929543
PC179	0.000693002876824396	0.0693002876824396	77.5477649806367
PC180	0.000691940024929859	0.0691940024929859	77.6169589831297
PC181	0.000688699336196692	0.0688699336196692	77.6858289167493
PC182	0.000683751700683651	0.0683751700683651	77.7542040868177
PC183	0.000680976662892056	0.0680976662892056	77.8223017531069
PC184	0.000677344827257204	0.0677344827257204	77.8900362358326
PC185	0.00067476599311266	0.067476599311266	77.9575128351439
PC186	0.000671355021544325	0.0671355021544325	78.0246483372983
PC187	0.00066890944957529	0.066890944957529	78.0915392822559
PC188	0.000667098486176123	0.0667098486176123	78.1582491308735
PC189	0.000662867828856666	0.0662867828856666	78.2245359137591
PC190	0.000661268143711581	0.0661268143711581	78.2906627281303
PC191	0.000658250477483558	0.0658250477483558	78.3564877758787
PC192	0.000655801524402996	0.0655801524402996	78.4220679283189
PC193	0.000653064140192879	0.0653064140192879	78.4873743423382
PC194	0.000651515230875918	0.0651515230875918	78.5525258654258
PC195	0.00064792697272032	0.064792697272032	78.6173185626979
PC196	0.000644911413488056	0.0644911413488056	78.6818097040467
PC197	0.000643781360302468	0.0643781360302468	78.7461878400769
PC198	0.000638634277402143	0.0638634277402143	78.8100512678171
PC199	0.000632495196430477	0.0632495196430477	78.8733007874602
PC200	0.000629202232729866	0.0629202232729866	78.9362210107332
PC201	0.000627036998724739	0.062703699872474	78.9989247106056
PC202	0.000623706394391785	0.0623706394391785	79.0612953500448
PC203	0.000621616842648649	0.0621616842648649	79.1234570343097
PC204	0.000618249179870297	0.0618249179870297	79.1852819522967
PC205	0.000617313227982265	0.0617313227982265	79.2470132750949
PC206	0.000614394770769079	0.0614394770769079	79.3084527521719
PC207	0.000611401008780553	0.0611401008780553	79.3695928530499
PC208	0.000610912967857597	0.0610912967857597	79.4306841498357
PC209	0.000606759575575862	0.0606759575575862	79.4913601073932
PC210	0.000605297379476528	0.0605297379476528	79.5518898453409
PC211	0.000602497260201936	0.0602497260201936	79.6121395713611
PC212	0.000598755756358028	0.0598755756358028	79.6720151469969
PC213	0.000597147533346495	0.0597147533346495	79.7317299003316
PC214	0.000595184425747941	0.0595184425747941	79.7912483429063
PC215	0.000593233763380823	0.0593233763380823	79.8505717192444
PC216	0.000590007385111855	0.0590007385111855	79.9095724577556
PC217	0.000587960802152013	0.0587960802152013	79.9683685379708
PC218	0.000585417131408932	0.0585417131408932	80.0269102511117
PC219	0.000584501448430792	0.0584501448430792	80.0853603959548
PC220	0.000581961284900695	0.0581961284900695	80.1435565244448
PC221	0.000579467281162645	0.0579467281162645	80.2015032525611
PC222	0.000579355092174992	0.0579355092174992	80.2594387617786
PC223	0.00057433773103211	0.057433773103211	80.3168725348818
PC224	0.000572200465767124	0.0572200465767124	80.3740925814586
PC225	0.000571684441305435	0.0571684441305435	80.4312610255891
PC226	0.000569013146440672	0.0569013146440672	80.4881623402331
PC227	0.000567115705450418	0.0567115705450418	80.5448739107782
PC228	0.00056503013399801	0.056503013399801	80.601376924178
PC229	0.000562611609082412	0.0562611609082412	80.6576380850862
PC230	0.000561154643495425	0.0561154643495425	80.7137535494358
PC231	0.000559782878189827	0.0559782878189827	80.7697318372548
PC232	0.000555597408991843	0.0555597408991843	80.8252915781539
PC233	0.000553900183330342	0.0553900183330342	80.880681596487
PC234	0.00055250672988705	0.055250672988705	80.9359322694757
PC235	0.000550341656742667	0.0550341656742667	80.99096643515
PC236	0.000548900862008877	0.0548900862008877	81.0458565213508
PC237	0.00054740406091894	0.054740406091894	81.1005969274427
PC238	0.000542750589659102	0.0542750589659102	81.1548719864086
PC239	0.00054224282844569	0.054224282844569	81.2090962692532
PC240	0.000540587427513457	0.0540587427513457	81.2631550120046
PC241	0.000537954705273393	0.0537954705273393	81.3169504825319
PC242	0.000536723658994556	0.0536723658994556	81.3706228484313
PC243	0.000534597035793528	0.0534597035793528	81.4240825520107
PC244	0.000532871664125726	0.0532871664125726	81.4773697184233
PC245	0.000531963776680373	0.0531963776680373	81.5305660960913
PC246	0.000530735860838778	0.0530735860838778	81.5836396821752
PC247	0.000528265061834573	0.0528265061834573	81.6364661883586
PC248	0.000524537020521695	0.0524537020521695	81.6889198904108
PC249	0.000523302154795307	0.0523302154795307	81.7412501058904
PC250	0.000521441619433858	0.0521441619433858	81.7933942678337
PC251	0.000520488492238342	0.0520488492238342	81.8454431170576
PC252	0.000518536152140531	0.0518536152140531	81.8972967322716
PC253	0.000516300535959156	0.0516300535959156	81.9489267858675
PC254	0.00051516170318292	0.051516170318292	82.0004429561858
PC255	0.000513515392743601	0.0513515392743601	82.0517944954602
PC256	0.000510258953563382	0.0510258953563382	82.1028203908165
PC257	0.000509177846553245	0.0509177846553245	82.1537381754719
PC258	0.000508446800632248	0.0508446800632248	82.2045828555351
PC259	0.000506171645303281	0.0506171645303281	82.2552000200654
PC260	0.000504349906847923	0.0504349906847923	82.3056350107502
PC261	0.000502207550981743	0.0502207550981743	82.3558557658484
PC262	0.000501618264871759	0.0501618264871759	82.4060175923355
PC263	0.000498878149551128	0.0498878149551128	82.4559054072907
PC264	0.000497674286329499	0.0497674286329499	82.5056728359236
PC265	0.000495193669333243	0.0495193669333243	82.5551922028569
PC266	0.000493551596053158	0.0493551596053158	82.6045473624622
PC267	0.000491531542989084	0.0491531542989084	82.6537005167612
PC268	0.00049045757724849	0.049045757724849	82.702746274486
PC269	0.000489580419916168	0.0489580419916168	82.7517043164776
PC270	0.000487564355510785	0.0487564355510785	82.8004607520287
PC271	0.000486734031329643	0.0486734031329643	82.8491341551617
PC272	0.000485107259305956	0.0485107259305956	82.8976448810923
PC273	0.0004836489468838	0.04836489468838	82.9460097757806
PC274	0.000480948850882316	0.0480948850882316	82.9941046608689
PC275	0.000480292591049899	0.0480292591049899	83.0421339199739
PC276	0.000478378057378339	0.0478378057378339	83.0899717257117
PC277	0.000477264057601797	0.0477264057601797	83.1376981314719
PC278	0.000474614527624772	0.0474614527624772	83.1851595842343
PC279	0.000473771099487172	0.0473771099487172	83.2325366941831
PC280	0.000473241406842497	0.0473241406842497	83.2798608348673
PC281	0.00047024644593133	0.047024644593133	83.3268854794605
PC282	0.000470099428182599	0.0470099428182599	83.3738954222787
PC283	0.00046929657220217	0.046929657220217	83.4208250794989
PC284	0.000466990968170625	0.0466990968170625	83.467524176316
PC285	0.000465288665439489	0.0465288665439489	83.51405304286
PC286	0.000464487851854093	0.0464487851854093	83.5605018280454
PC287	0.000462235563772984	0.0462235563772984	83.6067253844226
PC288	0.000460465975207494	0.0460465975207494	83.6527719819434
PC289	0.000458199029350583	0.0458199029350583	83.6985918848785
PC290	0.000457863330833281	0.0457863330833281	83.7443782179618
PC291	0.00045593498777809	0.045593498777809	83.7899717167396
PC292	0.000454673131462662	0.0454673131462662	83.8354390298859
PC293	0.000452691078005188	0.0452691078005188	83.8807081376864
PC294	0.000451977483415751	0.0451977483415751	83.925905886028
PC295	0.000450950175220922	0.0450950175220922	83.97100090355
PC296	0.000449534174788679	0.0449534174788679	84.0159543210289
PC297	0.000448082659663614	0.0448082659663614	84.0607625869953
PC298	0.000445900657993272	0.0445900657993272	84.1053526527946
PC299	0.000445134281105589	0.0445134281105589	84.1498660809052
PC300	0.00044263483327903	0.044263483327903	84.1941295642331
PC301	0.00044142787731855	0.044142787731855	84.2382723519649
PC302	0.000440899688328164	0.0440899688328164	84.2823623207977
PC303	0.000439561186176419	0.0439561186176419	84.3263184394154
PC304	0.000437678673964571	0.0437678673964571	84.3700863068118
PC305	0.000436367215891537	0.0436367215891537	84.413723028401
PC306	0.000436155415378476	0.0436155415378476	84.4573385699388
PC307	0.000435568720269132	0.0435568720269132	84.5008954419657
PC308	0.000433379087685649	0.0433379087685649	84.5442333507343
PC309	0.000431219667671517	0.0431219667671517	84.5873553175015
PC310	0.000430674556841746	0.0430674556841746	84.6304227731856
PC311	0.000429461269483322	0.0429461269483322	84.673368900134
PC312	0.000428477689815237	0.0428477689815237	84.7162166691155
PC313	0.000427679105922267	0.0427679105922267	84.7589845797077
PC314	0.000427070850734027	0.0427070850734027	84.8016916647811
PC315	0.000425799241833789	0.0425799241833789	84.8442715889645
PC316	0.000422332768658258	0.0422332768658258	84.8865048658303
PC317	0.000421765814228022	0.0421765814228022	84.9286814472531
PC318	0.000421086408301412	0.0421086408301412	84.9707900880833
PC319	0.000419784780724555	0.0419784780724556	85.0127685661557
PC320	0.000418606532951447	0.0418606532951447	85.0546292194509
PC321	0.000418163790461721	0.0418163790461721	85.096445598497
PC322	0.000417390336894881	0.0417390336894881	85.1381846321865
PC323	0.000415262532613343	0.0415262532613343	85.1797108854479
PC324	0.000413927126166915	0.0413927126166915	85.2211035980645
PC325	0.000412486945065961	0.0412486945065961	85.2623522925712
PC326	0.000411984032019152	0.0411984032019152	85.3035506957731
PC327	0.000410737457292312	0.0410737457292312	85.3446244415023
PC328	0.000409514019918562	0.0409514019918562	85.3855758434942
PC329	0.000409238767055339	0.0409238767055339	85.4264997201997
PC330	0.000408068200238837	0.0408068200238837	85.4673065402236
PC331	0.000405894748625074	0.0405894748625074	85.5078960150861
PC332	0.000405240808297818	0.0405240808297818	85.5484200959159
PC333	0.000403726341897405	0.0403726341897405	85.5887927301056
PC334	0.000402620844334302	0.0402620844334302	85.629054814539
PC335	0.000401898820920641	0.0401898820920641	85.6692446966311
PC336	0.000400178220751133	0.0400178220751133	85.7092625187062
PC337	0.000399625991972858	0.0399625991972858	85.7492251179035
PC338	0.000397993254632496	0.0397993254632496	85.7890244433668
PC339	0.000397242549301111	0.0397242549301111	85.8287486982969
PC340	0.000396972222133225	0.0396972222133225	85.8684459205102
PC341	0.000394520759856724	0.0394520759856724	85.9078979964959
PC342	0.000393103123480435	0.0393103123480435	85.9472083088439
PC343	0.000392267720415883	0.0392267720415883	85.9864350808855
PC344	0.000391760192382375	0.0391760192382375	86.0256111001237
PC345	0.000391015040286407	0.0391015040286407	86.0647126041524
PC346	0.000389260748525236	0.0389260748525236	86.1036386790049
PC347	0.000388560251921437	0.0388560251921437	86.142494704197
PC348	0.000387514220096854	0.0387514220096854	86.1812461262067
PC349	0.000387083590021837	0.0387083590021837	86.2199544852089
PC350	0.000386527047857912	0.0386527047857912	86.2586071899947
PC351	0.00038364561320544	0.038364561320544	86.2969717513152
PC352	0.000382693796266315	0.0382693796266315	86.3352411309419
PC353	0.000381603800692748	0.0381603800692748	86.3734015110111
PC354	0.000380686690957783	0.0380686690957783	86.4114701801069
PC355	0.000379769838099685	0.0379769838099685	86.4494471639169
PC356	0.000379378432959313	0.0379378432959313	86.4873850072128
PC357	0.000378256190677096	0.0378256190677096	86.5252106262805
PC358	0.000377719739852613	0.0377719739852613	86.5629826002658
PC359	0.000376956198932817	0.0376956198932817	86.6006782201591
PC360	0.000376438510412075	0.0376438510412075	86.6383220712003
PC361	0.00037446813510092	0.037446813510092	86.6757688847104
PC362	0.000373873276713633	0.0373873276713633	86.7131562123817
PC363	0.000372466621853393	0.0372466621853393	86.7504028745671
PC364	0.000371780861158168	0.0371780861158168	86.7875809606829
PC365	0.000370325324742199	0.03703253247422	86.8246134931571
PC366	0.000368896239693235	0.0368896239693235	86.8615031171264
PC367	0.000368433679307654	0.0368433679307654	86.8983464850572
PC368	0.000367342041951358	0.0367342041951358	86.9350806892523
PC369	0.000366179130970502	0.0366179130970502	86.9716986023494
PC370	0.000365812691704052	0.0365812691704052	87.0082798715198
PC371	0.000364770713001645	0.0364770713001645	87.0447569428199
PC372	0.000363961597611674	0.0363961597611674	87.0811531025811
PC373	0.00036285156340521	0.036285156340521	87.1174382589216
PC374	0.000362113628178505	0.0362113628178505	87.1536496217395
PC375	0.000360519348726715	0.0360519348726715	87.1897015566122
PC376	0.000359182781915095	0.0359182781915095	87.2256198348037
PC377	0.000358520885388715	0.0358520885388715	87.2614719233425
PC378	0.000357739472506914	0.0357739472506914	87.2972458705932
PC379	0.000357050954819438	0.0357050954819438	87.3329509660752
PC380	0.000355649797859631	0.0355649797859631	87.3685159458611
PC381	0.000354522770741252	0.0354522770741252	87.4039682229353
PC382	0.000354347180704721	0.0354347180704721	87.4394029410057
PC383	0.00035353323826384	0.035353323826384	87.4747562648321
PC384	0.000351179450515595	0.0351179450515595	87.5098742098837
PC385	0.000351047175034224	0.0351047175034224	87.5449789273871
PC386	0.000349971353360256	0.0349971353360256	87.5799760627231
PC387	0.000349577973415106	0.0349577973415106	87.6149338600646
PC388	0.000348547703205054	0.0348547703205054	87.6497886303852
PC389	0.000347366168000013	0.0347366168000013	87.6845252471851
PC390	0.000346680993845272	0.0346680993845272	87.7191933465697
PC391	0.000345680763930376	0.0345680763930376	87.7537614229627
PC392	0.000345251513307948	0.0345251513307948	87.7882865742935
PC393	0.000344515558220938	0.0344515558220938	87.8227381301156
PC394	0.000344136585927059	0.0344136585927059	87.8571517887083
PC395	0.000343045468887289	0.0343045468887289	87.891456335597
PC396	0.000342433233489157	0.0342433233489157	87.925699658946
PC397	0.0003416072847397	0.03416072847397	87.9598603874199
PC398	0.00034052017231506	0.034052017231506	87.9939124046514
PC399	0.00033981858663936	0.033981858663936	88.0278942633154
PC400	0.000338687748154526	0.0338687748154526	88.0617630381308
PC401	0.000337867631328041	0.0337867631328041	88.0955498012636
PC402	0.000337422283049637	0.0337422283049637	88.1292920295686
PC403	0.000335341923998245	0.0335341923998245	88.1628262219684
PC404	0.000334365842230999	0.0334365842230999	88.1962628061915
PC405	0.000333453147209027	0.0333453147209028	88.2296081209124
PC406	0.000332793948618097	0.0332793948618097	88.2628875157742
PC407	0.000331754124420946	0.0331754124420946	88.2960629282163
PC408	0.000331327041036077	0.0331327041036077	88.3291956323199
PC409	0.000330562620667005	0.0330562620667005	88.3622518943866
PC410	0.000329613603619437	0.0329613603619437	88.3952132547486
PC411	0.000328959761954899	0.0328959761954899	88.4281092309441
PC412	0.000328602179063549	0.0328602179063549	88.4609694488504
PC413	0.00032754996814887	0.032754996814887	88.4937244456653
PC414	0.000326531452077256	0.0326531452077256	88.526377590873
PC415	0.000326036652348123	0.0326036652348123	88.5589812561078
PC416	0.000324883592209412	0.0324883592209412	88.5914696153288
PC417	0.00032450983092718	0.032450983092718	88.6239205984215
PC418	0.000323749369668897	0.0323749369668897	88.6562955353884
PC419	0.000322238282784643	0.0322238282784643	88.6885193636669
PC420	0.000321604170187783	0.0321604170187783	88.7206797806856
PC421	0.000320756587942533	0.0320756587942533	88.7527554394799
PC422	0.000319001649955355	0.0319001649955355	88.7846556044754
PC423	0.000318289677253294	0.0318289677253294	88.8164845722008
PC424	0.000317111707879532	0.0317111707879532	88.8481957429887
PC425	0.000316977987614578	0.0316977987614578	88.8798935417502
PC426	0.00031627428970036	0.031627428970036	88.9115209707202
PC427	0.000315436727382086	0.0315436727382086	88.9430646434584
PC428	0.000315210968400425	0.0315210968400425	88.9745857402984
PC429	0.000314286338845273	0.0314286338845273	89.006014374183
PC430	0.000314006953766274	0.0314006953766274	89.0374150695596
PC431	0.000313350521049025	0.0313350521049025	89.0687501216645
PC432	0.00031216686389077	0.031216686389077	89.0999668080536
PC433	0.00031150310029642	0.031150310029642	89.1311171180832
PC434	0.000310932178836488	0.0310932178836488	89.1622103359669
PC435	0.000310208677748534	0.0310208677748534	89.1932312037417
PC436	0.000308667560520463	0.0308667560520463	89.2240979597938
PC437	0.000307092282950754	0.0307092282950754	89.2548071880889
PC438	0.00030696043707681	0.030696043707681	89.2855032317965
PC439	0.00030644543402193	0.030644543402193	89.3161477751987
PC440	0.000305609485766845	0.0305609485766845	89.3467087237754
PC441	0.000305327246962393	0.0305327246962393	89.3772414484717
PC442	0.000304522041289705	0.0304522041289705	89.4076936526006
PC443	0.00030402054329162	0.030402054329162	89.4380957069298
PC444	0.000303203288014815	0.0303203288014815	89.4684160357313
PC445	0.000302575379330727	0.0302575379330727	89.4986735736643
PC446	0.000301822408090834	0.0301822408090834	89.5288558144734
PC447	0.00030084673964688	0.030084673964688	89.5589404884381
PC448	0.000300516915507835	0.0300516915507835	89.5889921799889
PC449	0.000299787674809963	0.0299787674809963	89.6189709474699
PC450	0.000298652238554523	0.0298652238554523	89.6488361713253
PC451	0.000298280615517336	0.0298280615517336	89.6786642328771
PC452	0.00029794822145757	0.029794822145757	89.7084590550228
PC453	0.000297032317083553	0.0297032317083553	89.7381622867312
PC454	0.00029606637117477	0.029606637117477	89.7677689238487
PC455	0.000295424256798961	0.0295424256798961	89.7973113495286
PC456	0.000294828630412259	0.0294828630412259	89.8267942125698
PC457	0.000294071735127758	0.0294071735127758	89.8562013860826
PC458	0.000293321095653668	0.0293321095653668	89.8855334956479
PC459	0.000292880921929442	0.0292880921929442	89.9148215878409
PC460	0.000292051715033301	0.0292051715033301	89.9440267593442
PC461	0.000290724799407441	0.0290724799407441	89.9730992392849
PC462	0.000289680018393233	0.0289680018393233	90.0020672411243
PC463	0.000288399810430948	0.0288399810430948	90.0309072221674
PC464	0.000288230538714903	0.0288230538714903	90.0597302760389
PC465	0.000287831573964072	0.0287831573964072	90.0885134334353
PC466	0.000286657974829394	0.0286657974829394	90.1171792309182
PC467	0.000286507903585204	0.0286507903585204	90.1458300212767
PC468	0.000285967113097581	0.0285967113097581	90.1744267325865
PC469	0.000285566450878201	0.0285566450878201	90.2029833776743
PC470	0.00028488464626402	0.028488464626402	90.2314718423007
PC471	0.000284363313467839	0.0284363313467839	90.2599081736475
PC472	0.000283390541914024	0.0283390541914024	90.2882472278389
PC473	0.000282493799403065	0.0282493799403065	90.3164966077792
PC474	0.000281865519046981	0.0281865519046981	90.3446831596839
PC475	0.000280963308368251	0.0280963308368251	90.3727794905207
PC476	0.000280045525680508	0.0280045525680508	90.4007840430888
PC477	0.000279119834187304	0.0279119834187304	90.4286960265075
PC478	0.000278619100773362	0.0278619100773362	90.4565579365848
PC479	0.000278314046788205	0.0278314046788205	90.4843893412636
PC480	0.000277549370098881	0.0277549370098881	90.5121442782735
PC481	0.000277173464101035	0.0277173464101035	90.5398616246836
PC482	0.000276169397336469	0.0276169397336469	90.5674785644173
PC483	0.000275846638341967	0.0275846638341967	90.5950632282515
PC484	0.000275622362849818	0.0275622362849818	90.6226254645365
PC485	0.000274577143578949	0.0274577143578949	90.6500831788944
PC486	0.000274090875351739	0.0274090875351739	90.6774922664295
PC487	0.00027369998480264	0.027369998480264	90.7048622649098
PC488	0.000272716443385968	0.0272716443385968	90.7321339092484
PC489	0.000271678277790486	0.0271678277790486	90.7593017370274
PC490	0.000270865251591289	0.0270865251591289	90.7863882621866
PC491	0.00027070338024941	0.027070338024941	90.8134586002115
PC492	0.000269900001773903	0.0269900001773903	90.8404486003889
PC493	0.000269799610742734	0.0269799610742734	90.8674285614632
PC494	0.000269161213386519	0.0269161213386519	90.8943446828018
PC495	0.000268434958050791	0.0268434958050791	90.9211881786069
PC496	0.000268119306294342	0.0268119306294342	90.9480001092363
PC497	0.000267089083590013	0.0267089083590013	90.9747090175953
PC498	0.000266501223446165	0.0266501223446165	91.00135913994
PC499	0.000265214877335671	0.0265214877335671	91.0278806276735
PC500	0.000264985599131793	0.0264985599131793	91.0543791875867
PC501	0.000264450106838247	0.0264450106838247	91.0808241982705
PC502	0.00026307879102649	0.026307879102649	91.1071320773732
PC503	0.000262433793424294	0.0262433793424294	91.1333754567156
PC504	0.00026233062989805	0.026233062989805	91.1596085197054
PC505	0.000261777304779567	0.0261777304779567	91.1857862501834
PC506	0.000260994235482428	0.0260994235482428	91.2118856737316
PC507	0.000260554824793072	0.0260554824793072	91.2379411562109
PC508	0.00026011690031756	0.026011690031756	91.2639528462427
PC509	0.000259295524916925	0.0259295524916925	91.2898823987344
PC510	0.000258869743948998	0.0258869743948998	91.3157693731293
PC511	0.000258440618312956	0.0258440618312956	91.3416134349606
PC512	0.000258188269612465	0.0258188269612465	91.3674322619218
PC513	0.000257647550950188	0.0257647550950188	91.3931970170168
PC514	0.000256749139551023	0.0256749139551023	91.4188719309719
PC515	0.000256273587755953	0.0256273587755953	91.4444992897475
PC516	0.000255625721198541	0.0255625721198541	91.4700618618674
PC517	0.00025509358703241	0.025509358703241	91.4955712205706
PC518	0.000254406560327632	0.0254406560327632	91.5210118766034
PC519	0.000253494397032499	0.0253494397032499	91.5463613163066
PC520	0.000252904628083961	0.0252904628083961	91.571651779115
PC521	0.000252806451984323	0.0252806451984323	91.5969324243135
PC522	0.000252314879923453	0.0252314879923453	91.6221639123058
PC523	0.000251542745221039	0.0251542745221039	91.6473181868279
PC524	0.000251138888485234	0.0251138888485234	91.6724320756764
PC525	0.000249878378163651	0.0249878378163651	91.6974199134928
PC526	0.000249618945858743	0.0249618945858743	91.7223818080787
PC527	0.000248623032317953	0.0248623032317953	91.7472441113105
PC528	0.000248490094213918	0.0248490094213918	91.7720931207319
PC529	0.000247955484841997	0.0247955484841997	91.7968886692161
PC530	0.000247348497230002	0.0247348497230002	91.8216235189391
PC531	0.000247024098792633	0.0247024098792633	91.8463259288183
PC532	0.000246466608000358	0.0246466608000358	91.8709725896184
PC533	0.000245581331773232	0.0245581331773232	91.8955307227957
PC534	0.000244910678974944	0.0244910678974944	91.9200217906932
PC535	0.00024430291030562	0.024430291030562	91.9444520817237
PC536	0.000243954788280368	0.0243954788280368	91.9688475605518
PC537	0.000243425269607301	0.0243425269607301	91.9931900875125
PC538	0.000242236868620028	0.0242236868620028	92.0174137743745
PC539	0.000241944711924354	0.0241944711924354	92.0416082455669
PC540	0.000241016307453111	0.0241016307453111	92.0657098763123
PC541	0.000240595191821937	0.0240595191821937	92.0897693954944
PC542	0.000240198347675522	0.0240198347675522	92.113789230262
PC543	0.000239997378161062	0.0239997378161062	92.1377889680781
PC544	0.000239604228175131	0.0239604228175131	92.1617493908956
PC545	0.000239010295994621	0.0239010295994621	92.1856504204951
PC546	0.000238477668316615	0.0238477668316615	92.2094981873268
PC547	0.000238025698067781	0.0238025698067781	92.2333007571335
PC548	0.000236750140282272	0.0236750140282272	92.2569757711618
PC549	0.000236458581626975	0.0236458581626975	92.2806216293244
PC550	0.000236000529536565	0.0236000529536565	92.3042216822781
PC551	0.000235388213634287	0.0235388213634287	92.3277605036415
PC552	0.000234966605624802	0.0234966605624802	92.351257164204
PC553	0.000234140292766247	0.0234140292766247	92.3746711934806
PC554	0.000233967579969145	0.0233967579969145	92.3980679514776
PC555	0.000233292786312197	0.0233292786312197	92.4213972301088
PC556	0.000232558925382603	0.0232558925382603	92.444653122647
PC557	0.000232183256133074	0.0232183256133074	92.4678714482604
PC558	0.000231905964249365	0.0231905964249365	92.4910620446853
PC559	0.000230872619022981	0.0230872619022981	92.5141493065876
PC560	0.000230343033913112	0.0230343033913112	92.5371836099789
PC561	0.000229917856567903	0.0229917856567903	92.5601753956357
PC562	0.000229224969948585	0.0229224969948585	92.5830978926305
PC563	0.000228668789140421	0.0228668789140421	92.6059647715446
PC564	0.000228022642732334	0.0228022642732334	92.6287670358178
PC565	0.000227950331091392	0.0227950331091392	92.651562068927
PC566	0.000227219311122141	0.0227219311122141	92.6742840000392
PC567	0.000226239353974112	0.0226239353974112	92.6969079354366
PC568	0.000225887729173827	0.0225887729173827	92.719496708354
PC569	0.000225051977284724	0.0225051977284724	92.7420019060824
PC570	0.000224605618545816	0.0224605618545816	92.764462467937
PC571	0.000223964378078962	0.0223964378078962	92.7868589057449
PC572	0.00022388505270548	0.022388505270548	92.8092474110155
PC573	0.000223642390527966	0.0223642390527966	92.8316116500682
PC574	0.000222905467116772	0.0222905467116772	92.8539021967799
PC575	0.000222840857865643	0.0222840857865643	92.8761862825665
PC576	0.000222522903574984	0.0222522903574984	92.898438572924
PC577	0.000221554254543317	0.0221554254543317	92.9205939983783
PC578	0.000220285088080734	0.0220285088080734	92.9426225071864
PC579	0.000220061052452192	0.0220061052452192	92.9646286124316
PC580	0.000219537820376386	0.0219537820376386	92.9865823944693
PC581	0.00021924286946899	0.021924286946899	93.0085066814162
PC582	0.000218723431800046	0.0218723431800046	93.0303790245962
PC583	0.000217909926402587	0.0217909926402587	93.0521700172364
PC584	0.000217582370756056	0.0217582370756056	93.073928254312
PC585	0.000217207357159589	0.0217207357159589	93.095648990028
PC586	0.000216641945141681	0.0216641945141681	93.1173131845422
PC587	0.00021618417426763	0.021618417426763	93.1389316019689
PC588	0.000215739809155937	0.0215739809155937	93.1605055828845
PC589	0.000214943796888891	0.0214943796888891	93.1819999625734
PC590	0.000214874273024788	0.0214874273024788	93.2034873898759
PC591	0.000213915536603787	0.0213915536603787	93.2248789435363
PC592	0.000213559646754942	0.0213559646754942	93.2462349082117
PC593	0.000213190482245828	0.0213190482245828	93.2675539564363
PC594	0.000212328369295454	0.0212328369295454	93.2887867933659
PC595	0.000212112180399096	0.0212112180399096	93.3099980114058
PC596	0.000211746013671088	0.0211746013671088	93.3311726127729
PC597	0.000210769751329224	0.0210769751329224	93.3522495879058
PC598	0.000210578666711219	0.0210578666711219	93.3733074545769
PC599	0.000210146191252134	0.0210146191252134	93.3943220737022
PC600	0.000209944991262844	0.0209944991262844	93.4153165728284
PC601	0.000209606607559022	0.0209606607559022	93.4362772335844
PC602	0.000208676509025549	0.0208676509025549	93.4571448844869
PC603	0.000208172360109868	0.0208172360109868	93.4779621204979
PC604	0.000207683407539735	0.0207683407539735	93.4987304612519
PC605	0.00020722491188408	0.020722491188408	93.5194529524403
PC606	0.000206991352556751	0.0206991352556751	93.5401520876959
PC607	0.000206786474871432	0.0206786474871432	93.5608307351831
PC608	0.00020629433737255	0.020629433737255	93.5814601689203
PC609	0.000205936124155934	0.0205936124155934	93.6020537813359
PC610	0.000204994272441259	0.0204994272441259	93.62255320858
PC611	0.000204809143765807	0.0204809143765807	93.6430341229566
PC612	0.000204472591594487	0.0204472591594487	93.6634813821161
PC613	0.000204301323672552	0.0204301323672552	93.6839115144833
PC614	0.000203636398030515	0.0203636398030515	93.7042751542864
PC615	0.000203414078886568	0.0203414078886568	93.724616562175
PC616	0.000202544249010462	0.0202544249010462	93.7448709870761
PC617	0.000202189329548634	0.0202189329548634	93.765089920031
PC618	0.00020180858271412	0.020180858271412	93.7852707783024
PC619	0.000201145279378554	0.0201145279378554	93.8053853062402
PC620	0.000200768607914952	0.0200768607914952	93.8254621670317
PC621	0.00020016410243821	0.020016410243821	93.8454785772755
PC622	0.000199469141020849	0.0199469141020849	93.8654254913776
PC623	0.000198880835612011	0.0198880835612011	93.8853135749388
PC624	0.000198501151224322	0.0198501151224322	93.9051636900613
PC625	0.000198362076718178	0.0198362076718178	93.9249998977331
PC626	0.000197970985443048	0.0197970985443048	93.9447969962774
PC627	0.000197766384237874	0.0197766384237874	93.9645736347012
PC628	0.000197172665377043	0.0197172665377043	93.9842909012389
PC629	0.000196837074175368	0.0196837074175368	94.0039746086564
PC630	0.000196068986836844	0.0196068986836844	94.0235815073401
PC631	0.000195495755223544	0.0195495755223544	94.0431310828625
PC632	0.00019524310782467	0.019524310782467	94.0626553936449
PC633	0.000194785764243997	0.0194785764243997	94.0821339700693
PC634	0.000194177028438935	0.0194177028438935	94.1015516729132
PC635	0.000194099487216019	0.0194099487216019	94.1209616216348
PC636	0.00019383099968603	0.019383099968603	94.1403447216034
PC637	0.000193204278190322	0.0193204278190322	94.1596651494224
PC638	0.000192857438990986	0.0192857438990986	94.1789508933215
PC639	0.000192409560566893	0.0192409560566893	94.1981918493782
PC640	0.000192369437103455	0.0192369437103455	94.2174287930886
PC641	0.000191186219182493	0.0191186219182493	94.2365474150068
PC642	0.000191102818529791	0.0191102818529791	94.2556576968598
PC643	0.000190353717788218	0.0190353717788218	94.2746930686386
PC644	0.000190163560521486	0.0190163560521486	94.2937094246908
PC645	0.0001898994081105	0.01898994081105	94.3126993655018
PC646	0.000189528434146482	0.0189528434146482	94.3316522089165
PC647	0.000189207964906353	0.0189207964906353	94.3505730054071
PC648	0.000188819531537054	0.0188819531537054	94.3694549585608
PC649	0.000188412309907078	0.0188412309907078	94.3882961895515
PC650	0.000187401656540768	0.0187401656540768	94.4070363552056
PC651	0.000187065233889514	0.0187065233889514	94.4257428785946
PC652	0.000186934467644319	0.0186934467644319	94.444436325359
PC653	0.000186538267412872	0.0186538267412872	94.4630901521003
PC654	0.000186029764269111	0.0186029764269111	94.4816931285272
PC655	0.000185204766981762	0.0185204766981762	94.5002136052254
PC656	0.000184811922613434	0.0184811922613434	94.5186947974867
PC657	0.000184496135157279	0.0184496135157279	94.5371444110024
PC658	0.000183769593925568	0.0183769593925568	94.555521370395
PC659	0.000183692730951045	0.0183692730951045	94.5738906434901
PC660	0.00018274683304079	0.018274683304079	94.5921653267942
PC661	0.000182653666813762	0.0182653666813762	94.6104306934756
PC662	0.000182125913590132	0.0182125913590132	94.6286432848346
PC663	0.000181798204937549	0.0181798204937549	94.6468231053283
PC664	0.000181603684814422	0.0181603684814422	94.6649834738098
PC665	0.000181159846976942	0.0181159846976942	94.6830994585074
PC666	0.000180899249040221	0.0180899249040221	94.7011893834115
PC667	0.000180675991328913	0.0180675991328913	94.7192569825444
PC668	0.000180209206058528	0.0180209206058528	94.7372779031502
PC669	0.000179614036746026	0.0179614036746026	94.7552393068248
PC670	0.000179103501494611	0.0179103501494611	94.7731496569743
PC671	0.000178894439773522	0.0178894439773522	94.7910391009516
PC672	0.000178194175342369	0.0178194175342369	94.8088585184859
PC673	0.000177991301667211	0.0177991301667211	94.8266576486526
PC674	0.000177703674181889	0.0177703674181889	94.8444280160708
PC675	0.000177190487454696	0.0177190487454696	94.8621470648163
PC676	0.000176606824403201	0.0176606824403201	94.8798077472566
PC677	0.000176274355266657	0.0176274355266657	94.8974351827832
PC678	0.000176001673555416	0.0176001673555416	94.9150353501388
PC679	0.000175516933529319	0.0175516933529319	94.9325870434917
PC680	0.000175032021293396	0.0175032021293396	94.950090245621
PC681	0.000174603844417482	0.0174603844417482	94.9675506300628
PC682	0.000174288710510018	0.0174288710510018	94.9849795011138
PC683	0.000173766841948032	0.0173766841948032	95.0023561853086
PC684	0.00017331220219186	0.017331220219186	95.0196874055278
PC685	0.000172853074737963	0.0172853074737963	95.0369727130016
PC686	0.000172509712205584	0.0172509712205584	95.0542236842221
PC687	0.000172472605202344	0.0172472605202344	95.0714709447424
PC688	0.000172145275911906	0.0172145275911906	95.0886854723336
PC689	0.000171542373420858	0.0171542373420858	95.1058397096756
PC690	0.000171410458860322	0.0171410458860322	95.1229807555617
PC691	0.000170527470106286	0.0170527470106286	95.1400335025723
PC692	0.000170187531173856	0.0170187531173856	95.1570522556897
PC693	0.000170011541655671	0.0170011541655671	95.1740534098553
PC694	0.000169207386271904	0.0169207386271904	95.1909741484825
PC695	0.000168901132038694	0.0168901132038694	95.2078642616863
PC696	0.000168806600587336	0.0168806600587336	95.2247449217451
PC697	0.000168523719893808	0.0168523719893808	95.2415972937344
PC698	0.000167800377381176	0.0167800377381176	95.2583773314726
PC699	0.000167406980300138	0.0167406980300138	95.2751180295026
PC700	0.000167015245195019	0.0167015245195019	95.2918195540221
PC701	0.000166614201782249	0.0166614201782249	95.3084809742003
PC702	0.000165913769421004	0.0165913769421004	95.3250723511424
PC703	0.000165552276250059	0.0165552276250059	95.3416275787674
PC704	0.000165202869649542	0.0165202869649542	95.3581478657324
PC705	0.000164978419743321	0.0164978419743321	95.3746457077067
PC706	0.000164707335212507	0.0164707335212507	95.3911164412279
PC707	0.000164548294850157	0.0164548294850157	95.4075712707129
PC708	0.000163977490917538	0.0163977490917538	95.4239690198047
PC709	0.000163789603073244	0.0163789603073244	95.440347980112
PC710	0.00016342416103848	0.016342416103848	95.4566903962159
PC711	0.000163064961803784	0.0163064961803784	95.4729968923963
PC712	0.000162726447371908	0.0162726447371908	95.4892695371335
PC713	0.000161988349462954	0.0161988349462954	95.5054683720797
PC714	0.000161933229549341	0.0161933229549341	95.5216616950347
PC715	0.00016154823344876	0.016154823344876	95.5378165183796
PC716	0.000161034430352955	0.0161034430352955	95.5539199614149
PC717	0.000160599092607963	0.0160599092607963	95.5699798706757
PC718	0.000160289976521554	0.0160289976521554	95.5860088683278
PC719	0.000159920233809139	0.0159920233809139	95.6020008917087
PC720	0.000159462687141658	0.0159462687141658	95.6179471604229
PC721	0.00015913830471268	0.015913830471268	95.6338609908942
PC722	0.000158800547380453	0.0158800547380453	95.6497410456322
PC723	0.00015847479276669	0.015847479276669	95.6655885249089
PC724	0.000158327926033807	0.0158327926033807	95.6814213175122
PC725	0.000158095462275567	0.0158095462275567	95.6972308637398
PC726	0.000157837099506489	0.0157837099506489	95.7130145736905
PC727	0.000156882955186006	0.0156882955186006	95.7287028692091
PC728	0.000156731516118847	0.0156731516118847	95.7443760208209
PC729	0.000156210509909457	0.0156210509909457	95.7599970718119
PC730	0.000155883968614477	0.0155883968614477	95.7755854686733
PC731	0.000155609742580621	0.0155609742580621	95.7911464429314
PC732	0.000155419067821388	0.0155419067821388	95.8066883497135
PC733	0.000154771132218432	0.0154771132218432	95.8221654629354
PC734	0.000154336885318187	0.0154336885318187	95.8375991514672
PC735	0.000154264794761424	0.0154264794761424	95.8530256309433
PC736	0.000153874648062908	0.0153874648062908	95.8684130957496
PC737	0.000153651383046489	0.0153651383046489	95.8837782340543
PC738	0.000152939251622521	0.0152939251622521	95.8990721592165
PC739	0.000152648281836505	0.0152648281836505	95.9143369874002
PC740	0.00015199604576186	0.015199604576186	95.9295365919764
PC741	0.000151761198281767	0.0151761198281767	95.9447127118045
PC742	0.000151342387778376	0.0151342387778376	95.9598469505824
PC743	0.000151263771811523	0.0151263771811523	95.9749733277635
PC744	0.000150769792327897	0.0150769792327897	95.9900503069963
PC745	0.000150463867597064	0.0150463867597064	96.005096693756
PC746	0.00015007714589686	0.015007714589686	96.0201044083457
PC747	0.000149644921071553	0.0149644921071553	96.0350689004529
PC748	0.000149373719682328	0.0149373719682328	96.0500062724211
PC749	0.000149297524678135	0.0149297524678135	96.0649360248889
PC750	0.000148733928535014	0.0148733928535014	96.0798094177424
PC751	0.000148391115647154	0.0148391115647154	96.0946485293071
PC752	0.000148035084597018	0.0148035084597018	96.1094520377669
PC753	0.000147712476860672	0.0147712476860672	96.1242232854529
PC754	0.00014733157842536	0.014733157842536	96.1389564432955
PC755	0.000146979902584425	0.0146979902584425	96.1536544335539
PC756	0.00014645447573613	0.014645447573613	96.1682998811275
PC757	0.000146374366285634	0.0146374366285634	96.1829373177561
PC758	0.000145955430176548	0.0145955430176548	96.1975328607737
PC759	0.000145447400905136	0.0145447400905136	96.2120776008642
PC760	0.000145399083772297	0.0145399083772297	96.2266175092414
PC761	0.000144934390136422	0.0144934390136422	96.2411109482551
PC762	0.000144690377844954	0.0144690377844954	96.2555799860396
PC763	0.000144611178211976	0.0144611178211976	96.2700411038608
PC764	0.000143875969661152	0.0143875969661152	96.2844287008269
PC765	0.00014372396393343	0.014372396393343	96.2988010972203
PC766	0.000143467346648896	0.0143467346648896	96.3131478318851
PC767	0.00014321041990055	0.014321041990055	96.3274688738752
PC768	0.000143066710066381	0.0143066710066381	96.3417755448818
PC769	0.000142412717435464	0.0142412717435464	96.3560168166254
PC770	0.000142077576314384	0.0142077576314384	96.3702245742568
PC771	0.00014181081683653	0.014181081683653	96.3844056559405
PC772	0.000141611056780934	0.0141611056780934	96.3985667616186
PC773	0.00014096418668577	0.014096418668577	96.4126631802871
PC774	0.000140846870615029	0.0140846870615029	96.4267478673487
PC775	0.000140480271673012	0.0140480271673012	96.4407958945159
PC776	0.00014008363746297	0.014008363746297	96.4548042582623
PC777	0.000139722638776024	0.0139722638776024	96.4687765221399
PC778	0.000139274783743526	0.0139274783743526	96.4827040005142
PC779	0.00013872924496897	0.013872924496897	96.4965769250111
PC780	0.000138469756518862	0.0138469756518862	96.510423900663
PC781	0.000138324656614407	0.0138324656614407	96.5242563663244
PC782	0.000137733445994708	0.0137733445994708	96.5380297109239
PC783	0.000137140587210878	0.0137140587210878	96.551743769645
PC784	0.000136889156830373	0.0136889156830373	96.565432685328
PC785	0.000136430316392185	0.0136430316392185	96.5790757169673
PC786	0.000136207275871208	0.0136207275871208	96.5926964445544
PC787	0.000135972870538654	0.0135972870538654	96.6062937316082
PC788	0.00013576840031183	0.013576840031183	96.6198705716394
PC789	0.000135334893410946	0.0135334893410946	96.6334040609805
PC790	0.000135046852648618	0.0135046852648618	96.6469087462454
PC791	0.000134804768026191	0.0134804768026191	96.660389223048
PC792	0.000134434620075622	0.0134434620075622	96.6738326850555
PC793	0.000133949912213577	0.0133949912213577	96.6872276762769
PC794	0.00013366304160339	0.013366304160339	96.7005939804372
PC795	0.000133391501737643	0.0133391501737643	96.713933130611
PC796	0.000133102576207261	0.0133102576207261	96.7272433882317
PC797	0.000132944683084351	0.0132944683084351	96.7405378565402
PC798	0.000132779444591257	0.0132779444591257	96.7538158009993
PC799	0.000132382771071363	0.0132382771071363	96.7670540781064
PC800	0.000132305011457253	0.0132305011457253	96.7802845792522
PC801	0.000131782280577404	0.0131782280577404	96.7934628073099
PC802	0.000131267316957914	0.0131267316957914	96.8065895390057
PC803	0.000130978459136115	0.0130978459136115	96.8196873849193
PC804	0.000130787904861601	0.0130787904861601	96.8327661754055
PC805	0.00013021828641416	0.013021828641416	96.8457880040469
PC806	0.000130001007384598	0.0130001007384598	96.8587881047853
PC807	0.000129469529626175	0.0129469529626175	96.8717350577479
PC808	0.000128963776547354	0.0128963776547354	96.8846314354027
PC809	0.000128699382287256	0.0128699382287256	96.8975013736314
PC810	0.000128589524980869	0.0128589524980869	96.9103603261295
PC811	0.000128360582916759	0.0128360582916759	96.9231963844212
PC812	0.000128262857832021	0.0128262857832021	96.9360226702044
PC813	0.000127598441351944	0.0127598441351944	96.9487825143396
PC814	0.000127271220435309	0.0127271220435309	96.9615096363831
PC815	0.000126688434065477	0.0126688434065477	96.9741784797896
PC816	0.000126591736503296	0.0126591736503296	96.98683765344
PC817	0.000126169995450838	0.0126169995450838	96.9994546529851
PC818	0.000126022424308581	0.0126022424308581	97.0120568954159
PC819	0.000125538863900663	0.0125538863900663	97.024610781806
PC820	0.000125197811823673	0.0125197811823673	97.0371305629884
PC821	0.00012497680284918	0.012497680284918	97.0496282432733
PC822	0.000124797795385701	0.0124797795385701	97.0621080228118
PC823	0.000124324989775613	0.0124324989775613	97.0745405217894
PC824	0.000124268052996227	0.0124268052996227	97.086967327089
PC825	0.000124160543413312	0.0124160543413312	97.0993833814304
PC826	0.000123945961352483	0.0123945961352483	97.1117779775656
PC827	0.00012383102433066	0.012383102433066	97.1241610799987
PC828	0.000123227558484185	0.0123227558484185	97.1364838358471
PC829	0.000122676140002777	0.0122676140002777	97.1487514498474
PC830	0.000122580056616211	0.0122580056616211	97.161009455509
PC831	0.000122455649295777	0.0122455649295777	97.1732550204386
PC832	0.000121993603947331	0.0121993603947331	97.1854543808333
PC833	0.000121706065265899	0.0121706065265899	97.1976249873599
PC834	0.00012113583353395	0.012113583353395	97.2097385707133
PC835	0.000120934060126681	0.0120934060126681	97.221831976726
PC836	0.000120497953639801	0.0120497953639801	97.2338817720899
PC837	0.000120363280667652	0.0120363280667652	97.2459181001567
PC838	0.000120249557359324	0.0120249557359324	97.2579430558926
PC839	0.00011992301779437	0.011992301779437	97.2699353576721
PC840	0.000119558055996591	0.0119558055996591	97.2818911632717
PC841	0.00011903535840613	0.011903535840613	97.2937946991124
PC842	0.00011854045466112	0.011854045466112	97.3056487445785
PC843	0.000118520671189899	0.0118520671189899	97.3175008116974
PC844	0.000118368757259527	0.0118368757259527	97.3293376874234
PC845	0.00011826275315394	0.011826275315394	97.3411639627388
PC846	0.000117824968739352	0.0117824968739352	97.3529464596127
PC847	0.000117719881566278	0.0117719881566278	97.3647184477694
PC848	0.000117437792978589	0.0117437792978589	97.3764622270672
PC849	0.000117232254258277	0.0117232254258277	97.388185452493
PC850	0.000117044465910722	0.0117044465910722	97.3998898990841
PC851	0.000116314961711283	0.0116314961711283	97.4115213952552
PC852	0.000116186802601372	0.0116186802601372	97.4231400755154
PC853	0.000115850267575836	0.0115850267575836	97.434725102273
PC854	0.00011561194365074	0.011561194365074	97.446286296638
PC855	0.000115144131465085	0.0115144131465085	97.4578007097846
PC856	0.00011486394348267	0.011486394348267	97.4692871041328
PC857	0.000114521345061643	0.0114521345061643	97.480739238639
PC858	0.00011441771815349	0.011441771815349	97.4921810104543
PC859	0.000114023328081764	0.0114023328081764	97.5035833432625
PC860	0.000113878713141174	0.0113878713141174	97.5149712145766
PC861	0.000113515122218382	0.0113515122218382	97.5263227267985
PC862	0.000113174020871256	0.0113174020871256	97.5376401288856
PC863	0.000112684471951969	0.0112684471951969	97.5489085760808
PC864	0.000112561061579591	0.0112561061579591	97.5601646822387
PC865	0.000112159671391782	0.0112159671391782	97.5713806493779
PC866	0.000112006708343345	0.0112006708343345	97.5825813202123
PC867	0.000111534902493933	0.0111534902493933	97.5937348104616
PC868	0.000111280532379668	0.0111280532379668	97.6048628636996
PC869	0.000110803901281759	0.0110803901281759	97.6159432538278
PC870	0.000110688539311492	0.0110688539311492	97.6270121077589
PC871	0.00011013123331924	0.011013123331924	97.6380252310909
PC872	0.000110052560915623	0.0110052560915623	97.6490304871824
PC873	0.000109780225450427	0.0109780225450427	97.6600085097275
PC874	0.00010956376410783	0.010956376410783	97.6709648861383
PC875	0.000109194571061938	0.0109194571061938	97.6818843432444
PC876	0.000109006315632478	0.0109006315632478	97.6927849748077
PC877	0.000108705029047908	0.0108705029047908	97.7036554777125
PC878	0.000108454144977573	0.0108454144977573	97.7145008922102
PC879	0.000108060411287632	0.0108060411287632	97.725306933339
PC880	0.000107956360128005	0.0107956360128005	97.7361025693518
PC881	0.000107792460550155	0.0107792460550155	97.7468818154068
PC882	0.00010725421106407	0.010725421106407	97.7576072365132
PC883	0.000107092102985447	0.0107092102985447	97.7683164468118
PC884	0.000106947985077765	0.0106947985077765	97.7790112453195
PC885	0.000106320523403206	0.0106320523403206	97.7896432976599
PC886	0.000106128042073835	0.0106128042073835	97.8002561018673
PC887	0.000105730209722949	0.0105730209722949	97.8108291228395
PC888	0.000105581582233109	0.0105581582233109	97.8213872810629
PC889	0.000105277509827317	0.0105277509827317	97.8319150320456
PC890	0.000105139248482063	0.0105139248482063	97.8424289568938
PC891	0.000104639954229735	0.0104639954229735	97.8528929523168
PC892	0.000104298777711322	0.0104298777711322	97.8633228300879
PC893	0.000104041777585245	0.0104041777585245	97.8737270078464
PC894	0.000103938255962016	0.0103938255962016	97.8841208334426
PC895	0.000103663695489332	0.0103663695489332	97.8944872029916
PC896	0.000103326635197309	0.0103326635197309	97.9048198665113
PC897	0.0001032191321669	0.01032191321669	97.915141779728
PC898	0.000102857069310537	0.0102857069310537	97.925427486659
PC899	0.000102644827401832	0.0102644827401832	97.9356919693992
PC900	0.000102289764107566	0.0102289764107566	97.94592094581
PC901	0.000101992797269832	0.0101992797269832	97.956120225537
PC902	0.000101758312249733	0.0101758312249733	97.9662960567619
PC903	0.00010143840257804	0.010143840257804	97.9764398970197
PC904	0.000101137743150207	0.0101137743150207	97.9865536713348
PC905	0.000101104509337636	0.0101104509337636	97.9966641222685
PC906	0.00010044125265013	0.010044125265013	98.0067082475335
PC907	0.000100250440199726	0.0100250440199726	98.0167332915535
PC908	0.000100133641493044	0.0100133641493044	98.0267466557028
PC909	0.000100068261195362	0.0100068261195362	98.0367534818223
PC910	9.96321368568379e-05	0.00996321368568379	98.046716695508
PC911	9.94535044355646e-05	0.00994535044355646	98.0566620459516
PC912	9.91064453970335e-05	0.00991064453970335	98.0665726904913
PC913	9.8794424329936e-05	0.0098794424329936	98.0764521329243
PC914	9.85558694772487e-05	0.00985558694772487	98.086307719872
PC915	9.82285914405615e-05	0.00982285914405615	98.0961305790161
PC916	9.80994972309797e-05	0.00980994972309797	98.1059405287392
PC917	9.78922102587748e-05	0.00978922102587748	98.115729749765
PC918	9.75437944895116e-05	0.00975437944895116	98.125484129214
PC919	9.71760816405597e-05	0.00971760816405597	98.1352017373781
PC920	9.67687631387284e-05	0.00967687631387284	98.1448786136919
PC921	9.66150486180385e-05	0.00966150486180386	98.1545401185537
PC922	9.64266750275411e-05	0.00964266750275411	98.1641827860565
PC923	9.61426819930224e-05	0.00961426819930224	98.1737970542558
PC924	9.60873799363019e-05	0.00960873799363019	98.1834057922494
PC925	9.56659237179356e-05	0.00956659237179356	98.1929723846212
PC926	9.53574350689851e-05	0.00953574350689851	98.2025081281281
PC927	9.5132678040316e-05	0.0095132678040316	98.2120213959321
PC928	9.48990241071146e-05	0.00948990241071146	98.2215112983428
PC929	9.46749263197463e-05	0.00946749263197463	98.2309787909748
PC930	9.44197863141034e-05	0.00944197863141034	98.2404207696062
PC931	9.43508097474067e-05	0.00943508097474067	98.249855850581
PC932	9.38418586235893e-05	0.00938418586235893	98.2592400364433
PC933	9.36200210953059e-05	0.00936200210953059	98.2686020385529
PC934	9.32192819590623e-05	0.00932192819590623	98.2779239667488
PC935	9.30640257174071e-05	0.00930640257174071	98.2872303693205
PC936	9.26984337202859e-05	0.00926984337202859	98.2965002126925
PC937	9.23767106741124e-05	0.00923767106741124	98.3057378837599
PC938	9.22561237504425e-05	0.00922561237504425	98.314963496135
PC939	9.21883692486818e-05	0.00921883692486818	98.3241823330599
PC940	9.18394837690531e-05	0.00918394837690531	98.3333662814368
PC941	9.16285535966977e-05	0.00916285535966976	98.3425291367964
PC942	9.1283365782737e-05	0.0091283365782737	98.3516574733747
PC943	9.12330713535068e-05	0.00912330713535068	98.3607807805101
PC944	9.08018151947462e-05	0.00908018151947462	98.3698609620295
PC945	9.06601240120897e-05	0.00906601240120897	98.3789269744307
PC946	9.01174431853934e-05	0.00901174431853934	98.3879387187493
PC947	9.00405029118097e-05	0.00900405029118097	98.3969427690405
PC948	8.99378061826808e-05	0.00899378061826808	98.4059365496587
PC949	8.95780236461132e-05	0.00895780236461132	98.4148943520233
PC950	8.93301773992542e-05	0.00893301773992542	98.4238273697633
PC951	8.90343406964362e-05	0.00890343406964362	98.4327308038329
PC952	8.88377955149652e-05	0.00888377955149652	98.4416145833844
PC953	8.87632824289797e-05	0.00887632824289797	98.4504909116273
PC954	8.84717027382875e-05	0.00884717027382875	98.4593380819011
PC955	8.82506674889169e-05	0.00882506674889169	98.46816314865
PC956	8.8070449827868e-05	0.0088070449827868	98.4769701936328
PC957	8.75607068432726e-05	0.00875607068432726	98.4857262643171
PC958	8.74425542097415e-05	0.00874425542097415	98.4944705197381
PC959	8.72037958001229e-05	0.00872037958001229	98.5031908993181
PC960	8.68773333789804e-05	0.00868773333789804	98.511878632656
PC961	8.68048371374282e-05	0.00868048371374282	98.5205591163698
PC962	8.64099769376377e-05	0.00864099769376377	98.5292001140635
PC963	8.62361025455583e-05	0.00862361025455583	98.5378237243181
PC964	8.60874011547954e-05	0.00860874011547954	98.5464324644336
PC965	8.58670775778031e-05	0.00858670775778031	98.5550191721913
PC966	8.56375480345321e-05	0.00856375480345321	98.5635829269948
PC967	8.54142542440526e-05	0.00854142542440526	98.5721243524192
PC968	8.52000173637804e-05	0.00852000173637804	98.5806443541556
PC969	8.4970725740199e-05	0.00849707257401991	98.5891414267296
PC970	8.48838597749998e-05	0.00848838597749998	98.5976298127071
PC971	8.45931287790633e-05	0.00845931287790633	98.606089125585
PC972	8.43638124952417e-05	0.00843638124952417	98.6145255068345
PC973	8.39527755264052e-05	0.00839527755264052	98.6229207843872
PC974	8.37357987821933e-05	0.00837357987821933	98.6312943642654
PC975	8.3560160341944e-05	0.0083560160341944	98.6396503802996
PC976	8.31945970939342e-05	0.00831945970939342	98.647969840009
PC977	8.28247126867048e-05	0.00828247126867048	98.6562523112777
PC978	8.27654712044565e-05	0.00827654712044565	98.6645288583981
PC979	8.25205592356988e-05	0.00825205592356988	98.6727809143217
PC980	8.23423693449196e-05	0.00823423693449196	98.6810151512562
PC981	8.22018460115638e-05	0.00822018460115638	98.6892353358573
PC982	8.19990192831324e-05	0.00819990192831324	98.6974352377856
PC983	8.15887356461208e-05	0.00815887356461208	98.7055941113502
PC984	8.11108501570483e-05	0.00811108501570483	98.7137051963659
PC985	8.08043465455834e-05	0.00808043465455834	98.7217856310205
PC986	8.05743930145086e-05	0.00805743930145086	98.729843070322
PC987	8.04953670058672e-05	0.00804953670058672	98.7378926070225
PC988	8.03240777676639e-05	0.00803240777676639	98.7459250147993
PC989	8.02694353969851e-05	0.00802694353969851	98.753951958339
PC990	7.98786370064862e-05	0.00798786370064862	98.7619398220397
PC991	7.96710552373149e-05	0.00796710552373149	98.7699069275634
PC992	7.95912782572419e-05	0.00795912782572419	98.7778660553891
PC993	7.93116828801688e-05	0.00793116828801688	98.7857972236771
PC994	7.88624555166164e-05	0.00788624555166164	98.7936834692288
PC995	7.86449543387404e-05	0.00786449543387404	98.8015479646626
PC996	7.83439441357396e-05	0.00783439441357396	98.8093823590762
PC997	7.81202079961047e-05	0.00781202079961047	98.8171943798758
PC998	7.79021057062587e-05	0.00779021057062587	98.8249845904465
PC999	7.78183213638788e-05	0.00778183213638788	98.8327664225829
PC1000	7.77071469250952e-05	0.00777071469250952	98.8405371372754
PC1001	7.72669917930461e-05	0.00772669917930461	98.8482638364547
PC1002	7.69755604051273e-05	0.00769755604051273	98.8559613924952
PC1003	7.68918076669744e-05	0.00768918076669744	98.8636505732619
PC1004	7.66375567554215e-05	0.00766375567554215	98.8713143289374
PC1005	7.65811688254867e-05	0.00765811688254867	98.87897244582
PC1006	7.63490128029522e-05	0.00763490128029522	98.8866073471003
PC1007	7.62012344335089e-05	0.00762012344335089	98.8942274705436
PC1008	7.60464355919239e-05	0.00760464355919239	98.9018321141028
PC1009	7.54295220756195e-05	0.00754295220756195	98.9093750663104
PC1010	7.52239381765456e-05	0.00752239381765456	98.916897460128
PC1011	7.50446255755458e-05	0.00750446255755458	98.9244019226856
PC1012	7.46805526648049e-05	0.00746805526648049	98.9318699779521
PC1013	7.43663096898005e-05	0.00743663096898005	98.939306608921
PC1014	7.41659447532928e-05	0.00741659447532928	98.9467232033964
PC1015	7.39622451981495e-05	0.00739622451981495	98.9541194279162
PC1016	7.37056050730681e-05	0.00737056050730681	98.9614899884235
PC1017	7.35610951149415e-05	0.00735610951149415	98.968846097935
PC1018	7.3258063726102e-05	0.0073258063726102	98.9761719043076
PC1019	7.3042075381666e-05	0.0073042075381666	98.9834761118458
PC1020	7.27845086649195e-05	0.00727845086649195	98.9907545627123
PC1021	7.25692190905492e-05	0.00725692190905492	98.9980114846213
PC1022	7.2330139761655e-05	0.0072330139761655	99.0052444985975
PC1023	7.2102459314824e-05	0.0072102459314824	99.012454744529
PC1024	7.19805187616047e-05	0.00719805187616047	99.0196527964051
PC1025	7.18225899125465e-05	0.00718225899125464	99.0268350553964
PC1026	7.1525514731039e-05	0.0071525514731039	99.0339876068695
PC1027	7.12171375158129e-05	0.00712171375158129	99.0411093206211
PC1028	7.11716161537018e-05	0.00711716161537018	99.0482264822364
PC1029	7.07508693435086e-05	0.00707508693435086	99.0553015691708
PC1030	7.0621642765036e-05	0.0070621642765036	99.0623637334473
PC1031	7.02944194510246e-05	0.00702944194510246	99.0693931753924
PC1032	7.02389224777489e-05	0.00702389224777489	99.0764170676402
PC1033	7.00661441458284e-05	0.00700661441458284	99.0834236820547
PC1034	6.98629765599326e-05	0.00698629765599326	99.0904099797108
PC1035	6.96347847050056e-05	0.00696347847050056	99.0973734581812
PC1036	6.91555914820377e-05	0.00691555914820377	99.1042890173294
PC1037	6.89138714165298e-05	0.00689138714165298	99.1111804044711
PC1038	6.87095127194863e-05	0.00687095127194863	99.118051355743
PC1039	6.8496278099264e-05	0.0068496278099264	99.124900983553
PC1040	6.83607983069365e-05	0.00683607983069365	99.1317370633837
PC1041	6.8228836292531e-05	0.0068228836292531	99.1385599470129
PC1042	6.80591208954842e-05	0.00680591208954842	99.1453658591025
PC1043	6.76511569828989e-05	0.00676511569828989	99.1521309748008
PC1044	6.75948793170826e-05	0.00675948793170826	99.1588904627325
PC1045	6.73911187043909e-05	0.00673911187043909	99.1656295746029
PC1046	6.71266716693047e-05	0.00671266716693047	99.1723422417698
PC1047	6.67340691364595e-05	0.00667340691364595	99.1790156486835
PC1048	6.64758484574945e-05	0.00664758484574945	99.1856632335292
PC1049	6.63160269682432e-05	0.00663160269682432	99.192294836226
PC1050	6.61213573556608e-05	0.00661213573556608	99.1989069719616
PC1051	6.58123416990663e-05	0.00658123416990663	99.2054882061315
PC1052	6.57189549039343e-05	0.00657189549039343	99.2120601016219
PC1053	6.55029578129559e-05	0.00655029578129559	99.2186103974032
PC1054	6.54228061437284e-05	0.00654228061437284	99.2251526780176
PC1055	6.50943196776697e-05	0.00650943196776697	99.2316621099854
PC1056	6.49923258562014e-05	0.00649923258562014	99.238161342571
PC1057	6.47087481931207e-05	0.00647087481931207	99.2446322173903
PC1058	6.42913582259741e-05	0.00642913582259741	99.2510613532129
PC1059	6.41071591979899e-05	0.00641071591979899	99.2574720691327
PC1060	6.39274609953977e-05	0.00639274609953977	99.2638648152322
PC1061	6.37122874572418e-05	0.00637122874572418	99.270236043978
PC1062	6.35867607004899e-05	0.00635867607004899	99.276594720048
PC1063	6.332423050014e-05	0.006332423050014	99.282927143098
PC1064	6.32280959838736e-05	0.00632280959838736	99.2892499526964
PC1065	6.29802385156811e-05	0.00629802385156811	99.295547976548
PC1066	6.26328709261467e-05	0.00626328709261467	99.3018112636406
PC1067	6.25113035823853e-05	0.00625113035823853	99.3080623939988
PC1068	6.24265874918566e-05	0.00624265874918566	99.314305052748
PC1069	6.22489270179031e-05	0.00622489270179031	99.3205299454498
PC1070	6.19558783838918e-05	0.00619558783838918	99.3267255332882
PC1071	6.1834588444262e-05	0.0061834588444262	99.3329089921326
PC1072	6.15664665658294e-05	0.00615664665658294	99.3390656387892
PC1073	6.12095033652429e-05	0.00612095033652429	99.3451865891257
PC1074	6.09785961226598e-05	0.00609785961226598	99.351284448738
PC1075	6.0789010390581e-05	0.0060789010390581	99.357363349777
PC1076	6.05210961042829e-05	0.00605210961042829	99.3634154593875
PC1077	6.04186325733823e-05	0.00604186325733823	99.3694573226448
PC1078	6.02505748350229e-05	0.00602505748350229	99.3754823801283
PC1079	5.97489684338548e-05	0.00597489684338548	99.3814572769717
PC1080	5.97131026267527e-05	0.00597131026267527	99.3874285872344
PC1081	5.9598081371709e-05	0.0059598081371709	99.3933883953716
PC1082	5.92279052968621e-05	0.00592279052968621	99.3993111859012
PC1083	5.90629774222271e-05	0.00590629774222271	99.4052174836435
PC1084	5.89348023685562e-05	0.00589348023685562	99.4111109638803
PC1085	5.88573410732846e-05	0.00588573410732846	99.4169966979877
PC1086	5.87287891578939e-05	0.00587287891578939	99.4228695769034
PC1087	5.84858594417795e-05	0.00584858594417795	99.4287181628476
PC1088	5.82152791004285e-05	0.00582152791004285	99.4345396907577
PC1089	5.79933204699863e-05	0.00579933204699863	99.4403390228046
PC1090	5.78729278056988e-05	0.00578729278056988	99.4461263155852
PC1091	5.76420226074999e-05	0.00576420226074999	99.451890517846
PC1092	5.74318995129259e-05	0.00574318995129259	99.4576337077973
PC1093	5.73044627273942e-05	0.00573044627273942	99.46336415407
PC1094	5.71397929650234e-05	0.00571397929650234	99.4690781333665
PC1095	5.66188018991031e-05	0.00566188018991031	99.4747400135564
PC1096	5.6498933268614e-05	0.0056498933268614	99.4803899068833
PC1097	5.6302981609984e-05	0.0056302981609984	99.4860202050443
PC1098	5.61565021105918e-05	0.00561565021105918	99.4916358552553
PC1099	5.58790623606051e-05	0.00558790623606051	99.4972237614914
PC1100	5.5649670933092e-05	0.0055649670933092	99.5027887285847
PC1101	5.55329972387525e-05	0.00555329972387525	99.5083420283086
PC1102	5.51276435274044e-05	0.00551276435274044	99.5138547926613
PC1103	5.49109264712318e-05	0.00549109264712318	99.5193458853084
PC1104	5.48280530719898e-05	0.00548280530719898	99.5248286906156
PC1105	5.46565753974734e-05	0.00546565753974734	99.5302943481554
PC1106	5.44568416126977e-05	0.00544568416126977	99.5357400323167
PC1107	5.43445964707412e-05	0.00543445964707412	99.5411744919637
PC1108	5.40862763547683e-05	0.00540862763547683	99.5465831195992
PC1109	5.37799841418434e-05	0.00537799841418434	99.5519611180134
PC1110	5.34930365698733e-05	0.00534930365698733	99.5573104216704
PC1111	5.3439504141662e-05	0.0053439504141662	99.5626543720845
PC1112	5.32304950628182e-05	0.00532304950628182	99.5679774215908
PC1113	5.28662798615434e-05	0.00528662798615434	99.573264049577
PC1114	5.264666451315e-05	0.005264666451315	99.5785287160283
PC1115	5.24394598756701e-05	0.00524394598756701	99.5837726620159
PC1116	5.22551438640349e-05	0.00522551438640349	99.5889981764023
PC1117	5.198450132889e-05	0.005198450132889	99.5941966265352
PC1118	5.17565963656276e-05	0.00517565963656276	99.5993722861717
PC1119	5.15402119434358e-05	0.00515402119434358	99.604526307366
PC1120	5.13692380557015e-05	0.00513692380557015	99.6096632311716
PC1121	5.11780648835105e-05	0.00511780648835105	99.61478103766
PC1122	5.09861646351856e-05	0.00509861646351856	99.6198796541235
PC1123	5.08228344149928e-05	0.00508228344149928	99.624961937565
PC1124	5.05858145517276e-05	0.00505858145517276	99.6300205190202
PC1125	5.04857065957169e-05	0.00504857065957169	99.6350690896798
PC1126	5.01656010180645e-05	0.00501656010180645	99.6400856497815
PC1127	4.99401770731663e-05	0.00499401770731663	99.6450796674889
PC1128	4.97735584678803e-05	0.00497735584678803	99.6500570233357
PC1129	4.93403439987728e-05	0.00493403439987728	99.6549910577355
PC1130	4.92596091549217e-05	0.00492596091549217	99.659917018651
PC1131	4.91190885992936e-05	0.00491190885992936	99.664828927511
PC1132	4.88632995711467e-05	0.00488632995711467	99.6697152574681
PC1133	4.87993895496004e-05	0.00487993895496004	99.674595196423
PC1134	4.83662943437183e-05	0.00483662943437183	99.6794318258574
PC1135	4.81729599982285e-05	0.00481729599982285	99.6842491218572
PC1136	4.80660654993658e-05	0.00480660654993658	99.6890557284072
PC1137	4.78813621400615e-05	0.00478813621400615	99.6938438646212
PC1138	4.76729766709477e-05	0.00476729766709477	99.6986111622883
PC1139	4.74058929381658e-05	0.00474058929381658	99.7033517515821
PC1140	4.69681629375073e-05	0.00469681629375073	99.7080485678758
PC1141	4.68197066686316e-05	0.00468197066686316	99.7127305385427
PC1142	4.66458085536389e-05	0.00466458085536389	99.7173951193981
PC1143	4.64050201775025e-05	0.00464050201775025	99.7220356214158
PC1144	4.61801520026373e-05	0.00461801520026373	99.7266536366161
PC1145	4.58250099383799e-05	0.00458250099383799	99.7312361376099
PC1146	4.55617774314449e-05	0.00455617774314449	99.735792315353
PC1147	4.53870171294996e-05	0.00453870171294996	99.740331017066
PC1148	4.50671376461518e-05	0.00450671376461518	99.7448377308306
PC1149	4.49222613417156e-05	0.00449222613417156	99.7493299569648
PC1150	4.47585572341015e-05	0.00447585572341015	99.7538058126882
PC1151	4.45227894299908e-05	0.00445227894299908	99.7582580916312
PC1152	4.44097690718981e-05	0.00444097690718981	99.7626990685384
PC1153	4.42878871757951e-05	0.00442878871757951	99.767127857256
PC1154	4.40058967723138e-05	0.00440058967723138	99.7715284469332
PC1155	4.38222748848565e-05	0.00438222748848565	99.7759106744217
PC1156	4.36308918877706e-05	0.00436308918877706	99.7802737636105
PC1157	4.34460080245869e-05	0.00434460080245869	99.7846183644129
PC1158	4.31709897368842e-05	0.00431709897368842	99.7889354633866
PC1159	4.29604851431943e-05	0.00429604851431943	99.7932315119009
PC1160	4.28140316929295e-05	0.00428140316929295	99.7975129150702
PC1161	4.24297273922153e-05	0.00424297273922153	99.8017558878094
PC1162	4.21641320692151e-05	0.00421641320692151	99.8059723010164
PC1163	4.20089655716239e-05	0.00420089655716239	99.8101731975735
PC1164	4.18947068812095e-05	0.00418947068812095	99.8143626682617
PC1165	4.17757672727098e-05	0.00417757672727098	99.8185402449889
PC1166	4.14594384396883e-05	0.00414594384396883	99.8226861888329
PC1167	4.13441440522084e-05	0.00413441440522084	99.8268206032381
PC1168	4.10716458052062e-05	0.00410716458052062	99.8309277678186
PC1169	4.09658585412716e-05	0.00409658585412716	99.8350243536728
PC1170	4.07289845245837e-05	0.00407289845245838	99.8390972521252
PC1171	4.06044822517116e-05	0.00406044822517116	99.8431577003504
PC1172	4.00917791222932e-05	0.00400917791222932	99.8471668782626
PC1173	4.00588152969785e-05	0.00400588152969785	99.8511727597923
PC1174	3.96972082010203e-05	0.00396972082010202	99.8551424806124
PC1175	3.9339318309475e-05	0.0039339318309475	99.8590764124434
PC1176	3.9206262643523e-05	0.0039206262643523	99.8629970387077
PC1177	3.90611438687289e-05	0.00390611438687289	99.8669031530946
PC1178	3.88796631609485e-05	0.00388796631609485	99.8707911194107
PC1179	3.82773624324068e-05	0.00382773624324068	99.8746188556539
PC1180	3.80556563736123e-05	0.00380556563736123	99.8784244212913
PC1181	3.76244931306529e-05	0.00376244931306529	99.8821868706044
PC1182	3.71561810257494e-05	0.00371561810257494	99.8859024887069
PC1183	3.70281091222776e-05	0.00370281091222776	99.8896052996191
PC1184	3.68361630706855e-05	0.00368361630706855	99.8932889159262
PC1185	3.66988500016643e-05	0.00366988500016643	99.8969588009264
PC1186	3.66197243240028e-05	0.00366197243240028	99.9006207733588
PC1187	3.6423685904782e-05	0.0036423685904782	99.9042631419493
PC1188	3.62671032102627e-05	0.00362671032102627	99.9078898522703
PC1189	3.60230517469113e-05	0.00360230517469113	99.911492157445
PC1190	3.55167115130236e-05	0.00355167115130236	99.9150438285963
PC1191	3.53521371102425e-05	0.00353521371102425	99.9185790423073
PC1192	3.53298142155888e-05	0.00353298142155888	99.9221120237289
PC1193	3.49645542889372e-05	0.00349645542889372	99.9256084791578
PC1194	3.47496234902115e-05	0.00347496234902115	99.9290834415068
PC1195	3.44808671180172e-05	0.00344808671180172	99.9325315282186
PC1196	3.39226364380188e-05	0.00339226364380188	99.9359237918624
PC1197	3.37517755816727e-05	0.00337517755816727	99.9392989694206
PC1198	3.34150989175524e-05	0.00334150989175524	99.9426404793123
PC1199	3.32487088261557e-05	0.00332487088261557	99.9459653501949
PC1200	3.29897057534486e-05	0.00329897057534486	99.9492643207703
PC1201	3.27740491333162e-05	0.00327740491333162	99.9525417256836
PC1202	3.26603028993517e-05	0.00326603028993517	99.9558077559735
PC1203	3.21035996433686e-05	0.00321035996433686	99.9590181159379
PC1204	3.16883970356408e-05	0.00316883970356408	99.9621869556414
PC1205	3.16496196179728e-05	0.00316496196179728	99.9653519176032
PC1206	3.10286718613491e-05	0.00310286718613491	99.9684547847894
PC1207	3.06150518718594e-05	0.00306150518718594	99.9715162899766
PC1208	3.012267420736e-05	0.003012267420736	99.9745285573973
PC1209	2.98452377291321e-05	0.00298452377291321	99.9775130811702
PC1210	2.96200598101101e-05	0.00296200598101101	99.9804750871512
PC1211	2.91497096501155e-05	0.00291497096501154	99.9833900581162
PC1212	2.89409588551776e-05	0.00289409588551776	99.9862841540017
PC1213	2.82424864054699e-05	0.00282424864054699	99.9891084026423
PC1214	2.76660466123837e-05	0.00276660466123837	99.9918750073035
PC1215	2.74100391798382e-05	0.00274100391798382	99.9946160112215
PC1216	2.72192814536628e-05	0.00272192814536628	99.9973379393669
PC1217	2.66206063313177e-05	0.00266206063313177	100
PC1218	2.85869858589655e-32	2.85869858589655e-30	100
